Occhiali iGreen;GreenVision;O;78;/N;
Original Wayfarer Classic;RayBan;O;139;/N;
Wayfarer Folding Classic;RayBan;O;152;/N;
Flak Draft Prizm Golf sport;Oakley;O;179;/N;
649 Series PO7649S Vincent Gallo;Persol;O;68;/N;
Spirit titanium;Lindberg;O;750;/N;
buffalo titanium;Lindberg;O;2080;/N;
strip titanium;Lindberg;O;1500;/N;
Dailies AcquaComfort Plus;Alcon;L;13.99;/N;
Dailies Total 1;Alcon;L;46;/N;
1-Day Acuvue TrueEye;Acuvue;L;21;/N;
Bio true OneDay;Biotrue;L;63;/N;
Frequency 1 Day Toric;Frequency;L;30;/N;
